{"count":1,"self":27.397558399999998,"total":28.108005,"children":{"InitializeActuators":{"count":18,"self":0.0038079999999999998,"total":0.0038079999999999998,"children":null},"InitializeSensors":{"count":18,"self":0.0020759999999999997,"total":0.0020759999999999997,"children":null},"AgentSendState":{"count":1297,"self":0.012308999999999999,"total":0.033329,"children":{"CollectObservations":{"count":369,"self":0.0021579999999999998,"total":0.0021579999999999998,"children":null},"WriteActionMask":{"count":369,"self":0.001362,"total":0.001362,"children":null},"RequestDecision":{"count":369,"self":0.017499999999999998,"total":0.017499999999999998,"children":null}}},"DecideAction":{"count":1297,"self":0.662195,"total":0.662195,"children":null},"AgentAct":{"count":1297,"self":0.007017,"total":0.007017,"children":null}},"gauges":{"Bouncer.CumulativeReward":{"count":18,"max":20.5982647,"min":15.6563244,"runningAverage":17.6736546,"value":16.6477413,"weightedAverage":16.95309}},"metadata":{"timer_format_version":"0.1.0","start_time_seconds":"1609058345","unity_version":"2020.2.0f1","command_line_arguments":"\/Applications\/Unity\/Hub\/Editor\/2020.2.0f1\/Unity.app\/Contents\/MacOS\/Unity -projectpath \/Users\/agraw17107\/Documents\/GitHub\/MultiAgentCubeBall -useHub -hubIPC -cloudEnvironment production -hubSessionId d32aedc0-44fe-11eb-b3bb-9b641eba14a2 -accessToken WpfLwxtq9EmUYUmG02X3uz7hlHVaHCftVKA_KGRkLqY008f","communication_protocol_version":"1.3.0","com.unity.ml-agents_version":"1.7.2-preview","scene_name":"Bouncer","end_time_seconds":"1609058373"}}