{"count":1,"self":3.8136799999999997,"total":3.9349559999999997,"children":{"InitializeActuators":{"count":10,"self":0.0031439999999999997,"total":0.0031439999999999997,"children":null},"InitializeSensors":{"count":10,"self":0.0018809999999999999,"total":0.0018809999999999999,"children":null},"AgentSendState":{"count":1,"self":0.0020169999999999997,"total":0.039432999999999996,"children":{"CollectObservations":{"count":10,"self":0.0067209999999999995,"total":0.0067209999999999995,"children":null},"WriteActionMask":{"count":10,"self":0.00017999999999999998,"total":0.00017999999999999998,"children":null},"RequestDecision":{"count":10,"self":0.030514999999999997,"total":0.030514999999999997,"children":null}}},"DecideAction":{"count":1,"self":0.07211,"total":0.07211,"children":null},"AgentAct":{"count":1,"self":0.0034649999999999998,"total":0.0034649999999999998,"children":null}},"gauges":{},"metadata":{"timer_format_version":"0.1.0","start_time_seconds":"1609058531","unity_version":"2020.2.0f1","command_line_arguments":"\/Applications\/Unity\/Hub\/Editor\/2020.2.0f1\/Unity.app\/Contents\/MacOS\/Unity -projectpath \/Users\/agraw17107\/Documents\/GitHub\/MultiAgentCubeBall -useHub -hubIPC -cloudEnvironment production -hubSessionId d32aedc0-44fe-11eb-b3bb-9b641eba14a2 -accessToken WpfLwxtq9EmUYUmG02X3uz7hlHVaHCftVKA_KGRkLqY008f","communication_protocol_version":"1.3.0","com.unity.ml-agents_version":"1.7.2-preview","scene_name":"CrawlerDynamicTarget","end_time_seconds":"1609058534"}}