{
    "name": "root",
    "gauges": {
        "SoccerTwos.Policy.Entropy.mean": {
            "value": 2.9667253494262695,
            "min": 2.8285088539123535,
            "max": 3.2956013679504395,
            "count": 324
        },
        "SoccerTwos.Environment.EpisodeLength.mean": {
            "value": 599.0,
            "min": 159.0,
            "max": 599.0,
            "count": 324
        },
        "SoccerTwos.Self-play.ELO.mean": {
            "value": 1200.3904662497,
            "min": 1195.9173185219374,
            "max": 1207.214979995835,
            "count": 324
        },
        "SoccerTwos.Policy.ExtrinsicValueEstimate.mean": {
            "value": 0.004365536384284496,
            "min": -0.014803888276219368,
            "max": 0.03494873642921448,
            "count": 463
        },
        "SoccerTwos.Environment.CumulativeReward.mean": {
            "value": 0.0,
            "min": -0.3125,
            "max": 0.20524990558624268,
            "count": 463
        },
        "SoccerTwos.Policy.ExtrinsicReward.mean": {
            "value": 0.0,
            "min": -0.3125,
            "max": 0.20524990558624268,
            "count": 463
        },
        "SoccerTwos.IsTraining.mean": {
            "value": 1.0,
            "min": 1.0,
            "max": 1.0,
            "count": 463
        },
        "SoccerTwos.Losses.PolicyLoss.mean": {
            "value": 0.01924810342413063,
            "min": 0.011544632715716338,
            "max": 0.02284862838829819,
            "count": 157
        },
        "SoccerTwos.Losses.ValueLoss.mean": {
            "value": 2.878668322712959e-05,
            "min": 5.28606985836614e-06,
            "max": 0.010554006044734634,
            "count": 157
        },
        "SoccerTwos.Policy.LearningRate.mean": {
            "value": 0.0003,
            "min": 0.0003,
            "max": 0.0003,
            "count": 157
        },
        "SoccerTwos.Policy.Epsilon.mean": {
            "value": 0.20000000000000007,
            "min": 0.19999999999999993,
            "max": 0.20000000000000007,
            "count": 157
        },
        "SoccerTwos.Policy.Beta.mean": {
            "value": 0.005000000000000001,
            "min": 0.005,
            "max": 0.005000000000000001,
            "count": 157
        }
    },
    "metadata": {
        "timer_format_version": "0.1.0",
        "start_time_seconds": "1611734497",
        "python_version": "3.8.1 (v3.8.1:1b293b6006, Dec 18 2019, 14:08:53) \n[Clang 6.0 (clang-600.0.57)]",
        "command_line_arguments": "/Library/Frameworks/Python.framework/Versions/3.8/bin/mlagents-learn ppo/SoccerTwos.yaml --run-id SoccerTwos --resume --no-graphics",
        "mlagents_version": "0.23.0",
        "mlagents_envs_version": "0.23.0",
        "communication_protocol_version": "1.3.0",
        "pytorch_version": "1.7.1",
        "numpy_version": "1.19.5",
        "end_time_seconds": "1611745780"
    },
    "total": 9991.460183184001,
    "count": 1,
    "self": 0.07466892000047665,
    "children": {
        "run_training.setup": {
            "total": 0.026041372000001672,
            "count": 1,
            "self": 0.026041372000001672
        },
        "TrainerController.start_learning": {
            "total": 9991.359472892,
            "count": 1,
            "self": 6.23868790796223,
            "children": {
                "TrainerController._reset_env": {
                    "total": 21.59058366799966,
                    "count": 23,
                    "self": 21.59058366799966
                },
                "TrainerController.advance": {
                    "total": 9963.293214707037,
                    "count": 159553,
                    "self": 5.87470679130638,
                    "children": {
                        "env_step": {
                            "total": 6672.4438799529535,
                            "count": 159553,
                            "self": 5607.952337054475,
                            "children": {
                                "SubprocessEnvManager._take_step": {
                                    "total": 1061.6491493199242,
                                    "count": 159553,
                                    "self": 31.646453908985904,
                                    "children": {
                                        "TorchPolicy.evaluate": {
                                            "total": 1030.0026954109383,
                                            "count": 318710,
                                            "self": 119.01405566198196,
                                            "children": {
                                                "TorchPolicy.sample_actions": {
                                                    "total": 910.9886397489563,
                                                    "count": 318710,
                                                    "self": 910.9886397489563
                                                }
                                            }
                                        }
                                    }
                                },
                                "workers": {
                                    "total": 2.842393578554443,
                                    "count": 159552,
                                    "self": 0.0,
                                    "children": {
                                        "worker_root": {
                                            "total": 9962.369212383064,
                                            "count": 159552,
                                            "is_parallel": true,
                                            "self": 4993.496068816006,
                                            "children": {
                                                "steps_from_proto": {
                                                    "total": 0.14717066999660844,
                                                    "count": 46,
                                                    "is_parallel": true,
                                                    "self": 0.011703580997352248,
                                                    "children": {
                                                        "_process_vector_observation": {
                                                            "total": 0.1354670889992562,
                                                            "count": 184,
                                                            "is_parallel": true,
                                                            "self": 0.1354670889992562
                                                        }
                                                    }
                                                },
                                                "UnityEnvironment.step": {
                                                    "total": 4968.725972897061,
                                                    "count": 159552,
                                                    "is_parallel": true,
                                                    "self": 241.34081890381003,
                                                    "children": {
                                                        "UnityEnvironment._generate_step_input": {
                                                            "total": 173.89627185806162,
                                                            "count": 159552,
                                                            "is_parallel": true,
                                                            "self": 173.89627185806162
                                                        },
                                                        "communicator.exchange": {
                                                            "total": 3411.3889007309695,