{
    "name": "root",
    "gauges": {
        "SoccerTwos.Policy.Entropy.mean": {
            "value": 3.286184310913086,
            "min": 3.286184310913086,
            "max": 3.2955682277679443,
            "count": 6
        },
        "SoccerTwos.Environment.EpisodeLength.mean": {
            "value": 599.0,
            "min": 599.0,
            "max": 599.0,
            "count": 6
        },
        "SoccerTwos.Self-play.ELO.mean": {
            "value": 1200.0,
            "min": 1200.0,
            "max": 1200.0,
            "count": 6
        },
        "SoccerTwos.Policy.ExtrinsicValueEstimate.mean": {
            "value": 0.09696865826845169,
            "min": 0.07762102782726288,
            "max": 0.12356474995613098,
            "count": 10
        },
        "SoccerTwos.Environment.CumulativeReward.mean": {
            "value": 0.0,
            "min": 0.0,
            "max": 0.0,
            "count": 10
        },
        "SoccerTwos.Policy.ExtrinsicReward.mean": {
            "value": 0.0,
            "min": 0.0,
            "max": 0.0,
            "count": 10
        },
        "SoccerTwos.IsTraining.mean": {
            "value": 1.0,
            "min": 1.0,
            "max": 1.0,
            "count": 10
        },
        "SoccerTwos.Losses.ValueLoss.mean": {
            "value": 9.302250691689551e-05,
            "min": 9.302250691689551e-05,
            "max": 0.015404601581394672,
            "count": 2
        },
        "SoccerTwos.Losses.PolicyLoss.mean": {
            "value": 0.017267893999814987,
            "min": 0.016614601016044617,
            "max": 0.017267893999814987,
            "count": 2
        },
        "SoccerTwos.Policy.LearningRate.mean": {
            "value": 0.0003000000142492354,
            "min": 0.0003000000142492354,
            "max": 0.0003000000142492354,
            "count": 2
        },
        "SoccerTwos.Policy.Epsilon.mean": {
            "value": 0.20000000298023224,
            "min": 0.20000000298023224,
            "max": 0.20000000298023224,
            "count": 2
        },
        "SoccerTwos.Policy.Beta.mean": {
            "value": 0.004999999422580004,
            "min": 0.004999999422580004,
            "max": 0.004999999422580004,
            "count": 2
        }
    },
    "metadata": {
        "timer_format_version": "0.1.0",
        "start_time_seconds": "1611707238",
        "python_version": "3.8.1 (v3.8.1:1b293b6006, Dec 18 2019, 14:08:53) \n[Clang 6.0 (clang-600.0.57)]",
        "command_line_arguments": "/Library/Frameworks/Python.framework/Versions/3.8/bin/mlagents-learn config/ppo/SoccerTwos.yaml",
        "mlagents_version": "0.17.0",
        "mlagents_envs_version": "0.17.0",
        "communication_protocol_version": "1.0.0",
        "tensorflow_version": "2.2.0",
        "end_time_seconds": "1611707575"
    },
    "total": 213.780299474,
    "count": 1,
    "self": 0.027420039000020324,
    "children": {
        "run_training.setup": {
            "total": 0.25333013000000015,
            "count": 1,
            "self": 0.25333013000000015
        },
        "TrainerController.start_learning": {
            "total": 213.499549305,
            "count": 1,
            "self": 8.357121785000999,
            "children": {
                "TrainerController._reset_env": {
                    "total": 29.92777244,
                    "count": 1,
                    "self": 29.92777244
                },
                "TrainerController.advance": {
                    "total": 171.68222397299903,
                    "count": 3977,
                    "self": 0.10973088999961078,
                    "children": {
                        "env_step": {
                            "total": 130.6100114679997,
                            "count": 3977,
                            "self": 118.89330556699849,
                            "children": {
                                "SubprocessEnvManager._take_step": {
                                    "total": 11.651113215000862,
                                    "count": 3977,
                                    "self": 0.5222888660020644,
                                    "children": {
                                        "NNPolicy.evaluate": {
                                            "total": 11.128824348998798,
                                            "count": 7954,
                                            "self": 11.128824348998798
                                        }
                                    }
                                },
                                "workers": {
                                    "total": 0.06559268600034329,
                                    "count": 3976,
                                    "self": 0.0,
                                    "children": {
                                        "worker_root": {
                                            "total": 177.55262975000025,
                                            "count": 3976,
                                            "is_parallel": true,
                                            "self": 70.17319715700116,
                                            "children": {
                                                "steps_from_proto": {
                                                    "total": 0.0259396780000003,
                                                    "count": 2,
                                                    "is_parallel": true,
                                                    "self": 0.01003042599998949,
                                                    "children": {
                                                        "_process_vector_observation": {
                                                            "total": 0.01590925200001081,
                                                            "count": 8,
                                                            "is_parallel": true,
                                                            "self": 0.01590925200001081
                                                        }
                                                    }
                                                },
                                                "UnityEnvironment.step": {
                                                    "total": 107.3534929149991,
                                                    "count": 3976,
                                                    "is_parallel": true,
                                                    "self": 5.216464910000411,
                                                    "children": {
                                                        "UnityEnvironment._generate_step_input": {
                                                            "total": 2.116803247999485,
                                                            "count": 3976,
                                                            "is_parallel": true,
                                                            "self": 2.116803247999485
                                                        },
                                                        "communicator.exchange": {
                                                            "total": 76.08761473700022,
                                                            "count": 3976,
                                                            "is_parallel": true,
                                                            "self": 76.08761473700022
                                                        },
                                                        "steps_from_proto": {
                                                            "total": 23.932610019998968,
                                                            "count": 7952,
                                                            "is_parallel": true,